revenue,upkeep,protection
25.057731,4.593562,14.968538
22.763267,5.540176,16.330747
19.971156,3.913073,12.90437
23.517438,5.303361,14.780365
25.977217,3.109123,17.324518
30.238535,4.41587,13.013854
25.738666,5.219278,15.362406
24.817652,4.349736,16.671669
23.885143,5.794706,16.137687
25.205525,3.714179,8.787475
24.276262,5.701291,14.041593
26.611866,4.878948,14.197653
24.830266,7.158137,13.76836
24.25263,4.509131,12.731867
24.28872,5.941952,18.972129
